{"lingual":{"NumVert":{"m":4578.65,"s":636.779},"SurfArea":{"m":3164.64,"s":430.199},"GrayVol":{"m":7406.49,"s":1171.79},"ThickAvg":{"m":2.16296,"s":0.129953},"ThickStd":{"m":0.668008,"s":0.0592665},"MeanCurv":{"m":0.157171,"s":0.00927521},"GausCurv":{"m":0.0652477,"s":0.0362938},"FoldInd":{"m":89.1687,"s":84.8109},"CurvInd":{"m":11.1732,"s":3.03027}},
"superiorparietal":{"NumVert":{"m":8372.74,"s":1022.7},"SurfArea":{"m":5587.27,"s":662.023},"GrayVol":{"m":13751.1,"s":1799.22},"ThickAvg":{"m":2.19854,"s":0.137138},"ThickStd":{"m":0.574738,"s":0.0628174},"MeanCurv":{"m":0.134908,"s":0.00865481},"GausCurv":{"m":0.0448568,"s":0.0359449},"FoldInd":{"m":124.783,"s":116.592},"CurvInd":{"m":13.8659,"s":3.77455}},
"rostralanteriorcingulate":{"NumVert":{"m":1265.63,"s":241.745},"SurfArea":{"m":857.513,"s":161.727},"GrayVol":{"m":3026.37,"s":549.294},"ThickAvg":{"m":3.08073,"s":0.268509},"ThickStd":{"m":0.738809,"s":0.115775},"MeanCurv":{"m":0.155865,"s":0.014438},"GausCurv":{"m":0.0896332,"s":0.364914},"FoldInd":{"m":41.1124,"s":119.669},"CurvInd":{"m":3.38407,"s":1.55875}},
"cuneus":{"NumVert":{"m":2226.57,"s":306.211},"SurfArea":{"m":1515.59,"s":204.012},"GrayVol":{"m":3164.83,"s":509.41},"ThickAvg":{"m":1.93822,"s":0.148106},"ThickStd":{"m":0.513262,"s":0.0688899},"MeanCurv":{"m":0.165387,"s":0.0106274},"GausCurv":{"m":0.0607202,"s":0.0189874},"FoldInd":{"m":40.6145,"s":16.0685},"CurvInd":{"m":5.39518,"s":2.55627}},
"superiorfrontal":{"NumVert":{"m":10798.4,"s":1262.02},"SurfArea":{"m":7455.87,"s":840.464},"GrayVol":{"m":24619,"s":2813.17},"ThickAvg":{"m":2.83682,"s":0.157889},"ThickStd":{"m":0.690383,"s":0.0787918},"MeanCurv":{"m":0.140513,"s":0.00811766},"GausCurv":{"m":0.0508768,"s":0.0216526},"FoldInd":{"m":207.368,"s":909.649},"CurvInd":{"m":20.8964,"s":7.28249}},
"parstriangularis":{"NumVert":{"m":1961.77,"s":308.091},"SurfArea":{"m":1345.88,"s":205.586},"GrayVol":{"m":4041.53,"s":674.088},"ThickAvg":{"m":2.58238,"s":0.188739},"ThickStd":{"m":0.616908,"s":0.0803029},"MeanCurv":{"m":0.139311,"s":0.0112682},"GausCurv":{"m":0.0471954,"s":0.019083},"FoldInd":{"m":32.9772,"s":32.8364},"CurvInd":{"m":3.61044,"s":1.38397}},
"parsorbitalis":{"NumVert":{"m":956.233,"s":129.598},"SurfArea":{"m":655.614,"s":85.1014},"GrayVol":{"m":2521.22,"s":365.608},"ThickAvg":{"m":2.87881,"s":0.253368},"ThickStd":{"m":0.71685,"s":0.0987111},"MeanCurv":{"m":0.164898,"s":0.017289},"GausCurv":{"m":0.0723909,"s":0.0513099},"FoldInd":{"m":32.5689,"s":267.382},"CurvInd":{"m":2.5423,"s":0.863016}},
"isthmuscingulate":{"NumVert":{"m":1592.49,"s":295.795},"SurfArea":{"m":1042.63,"s":197.386},"GrayVol":{"m":3016.82,"s":546.965},"ThickAvg":{"m":2.69035,"s":0.226554},"ThickStd":{"m":0.835681,"s":0.0931242},"MeanCurv":{"m":0.149497,"s":0.00928896},"GausCurv":{"m":0.0677845,"s":0.0627017},"FoldInd":{"m":45.5435,"s":183.234},"CurvInd":{"m":3.85382,"s":2.61093}},
"middletemporal":{"NumVert":{"m":4568.4,"s":606.526},"SurfArea":{"m":3199.2,"s":411.689},"GrayVol":{"m":12023.2,"s":1691.17},"ThickAvg":{"m":2.98094,"s":0.195958},"ThickStd":{"m":0.732096,"s":0.0676902},"MeanCurv":{"m":0.149276,"s":0.0108861},"GausCurv":{"m":0.0687189,"s":0.0847567},"FoldInd":{"m":107.617,"s":169.907},"CurvInd":{"m":10.2922,"s":3.02096}},
"superiortemporal":{"NumVert":{"m":5737.59,"s":684.396},"SurfArea":{"m":3874.45,"s":448.603},"GrayVol":{"m":13163.6,"s":1709.57},"ThickAvg":{"m":2.94544,"s":0.174584},"ThickStd":{"m":0.685114,"s":0.0657862},"MeanCurv":{"m":0.123746,"s":0.0107655},"GausCurv":{"m":0.0492142,"s":0.0654867},"FoldInd":{"m":91.8046,"s":114.411},"CurvInd":{"m":9.63025,"s":6.03252}},
"frontalpole":{"NumVert":{"m":315.597,"s":47.9144},"SurfArea":{"m":219.309,"s":33.2086},"GrayVol":{"m":925.531,"s":167.785},"ThickAvg":{"m":2.95135,"s":0.337795},"ThickStd":{"m":0.646169,"s":0.137826},"MeanCurv":{"m":0.208351,"s":0.0258765},"GausCurv":{"m":0.139352,"s":0.529394},"FoldInd":{"m":13.4485,"s":36.0864},"CurvInd":{"m":1.42262,"s":0.799102}},
"lateralorbitofrontal":{"NumVert":{"m":3936.15,"s":471.888},"SurfArea":{"m":2680.76,"s":310.146},"GrayVol":{"m":8342.03,"s":1000.34},"ThickAvg":{"m":2.79231,"s":0.18402},"ThickStd":{"m":0.749456,"s":0.068641},"MeanCurv":{"m":0.152431,"s":0.00956351},"GausCurv":{"m":0.0781647,"s":0.137623},"FoldInd":{"m":96.7483,"s":101.461},"CurvInd":{"m":10.3722,"s":3.19143}},
"entorhinal":{"NumVert":{"m":566.324,"s":123.276},"SurfArea":{"m":392.839,"s":86.5403},"GrayVol":{"m":1860.5,"s":408.469},"ThickAvg":{"m":3.47294,"s":0.381733},"ThickStd":{"m":0.794608,"s":0.153207},"MeanCurv":{"m":0.141788,"s":0.0241293},"GausCurv":{"m":0.218173,"s":3.63122},"FoldInd":{"m":18.5556,"s":70.453},"CurvInd":{"m":1.56867,"s":1.65268}},
"pericalcarine":{"NumVert":{"m":2046,"s":359.13},"SurfArea":{"m":1393.44,"s":239.137},"GrayVol":{"m":2109.29,"s":409.935},"ThickAvg":{"m":1.66045,"s":0.146825},"ThickStd":{"m":0.470151,"s":0.0648593},"MeanCurv":{"m":0.145282,"s":0.0115474},"GausCurv":{"m":0.0597068,"s":0.0603095},"FoldInd":{"m":34.8501,"s":51.978},"CurvInd":{"m":4.49518,"s":3.68338}},
"inferiorparietal":{"NumVert":{"m":7031.65,"s":982.411},"SurfArea":{"m":4786.82,"s":647.17},"GrayVol":{"m":13660.7,"s":1960.91},"ThickAvg":{"m":2.51591,"s":0.143895},"ThickStd":{"m":0.619552,"s":0.0587352},"MeanCurv":{"m":0.139161,"s":0.00906194},"GausCurv":{"m":0.0498447,"s":0.0237445},"FoldInd":{"m":118.179,"s":97.2806},"CurvInd":{"m":12.8965,"s":2.76024}},
"caudalmiddlefrontal":{"NumVert":{"m":3572.99,"s":580.578},"SurfArea":{"m":2437.66,"s":392.282},"GrayVol":{"m":7034.41,"s":1242.47},"ThickAvg":{"m":2.58746,"s":0.17265},"ThickStd":{"m":0.596965,"s":0.0778999},"MeanCurv":{"m":0.129029,"s":0.0102844},"GausCurv":{"m":0.0405087,"s":0.019952},"FoldInd":{"m":43.4324,"s":22.0139},"CurvInd":{"m":5.63855,"s":1.69734}},
"paracentral":{"NumVert":{"m":2111.98,"s":303.304},"SurfArea":{"m":1392.77,"s":196.48},"GrayVol":{"m":3799.01,"s":624.362},"ThickAvg":{"m":2.47039,"s":0.165448},"ThickStd":{"m":0.613036,"s":0.0785835},"MeanCurv":{"m":0.121617,"s":0.0110648},"GausCurv":{"m":0.0469451,"s":0.165442},"FoldInd":{"m":30.6372,"s":131.392},"CurvInd":{"m":3.44123,"s":1.60468}},
"posteriorcingulate":{"NumVert":{"m":1800.2,"s":297.882},"SurfArea":{"m":1225.79,"s":198.618},"GrayVol":{"m":3607.37,"s":590.005},"ThickAvg":{"m":2.7089,"s":0.169126},"ThickStd":{"m":0.688222,"s":0.0962767},"MeanCurv":{"m":0.154323,"s":0.00981961},"GausCurv":{"m":0.0560723,"s":0.0231493},"FoldInd":{"m":36.4833,"s":20.2638},"CurvInd":{"m":3.86278,"s":1.30278}},
"temporalpole":{"NumVert":{"m":668.254,"s":84.6153},"SurfArea":{"m":477.657,"s":58.796},"GrayVol":{"m":2566.36,"s":390.302},"ThickAvg":{"m":3.68577,"s":0.35171},"ThickStd":{"m":0.746046,"s":0.154903},"MeanCurv":{"m":0.172091,"s":0.0240143},"GausCurv":{"m":0.144304,"s":0.964664},"FoldInd":{"m":28.7871,"s":144.007},"CurvInd":{"m":2.55181,"s":1.92257}},
"fusiform":{"NumVert":{"m":4990.27,"s":632.581},"SurfArea":{"m":3403.52,"s":415.84},"GrayVol":{"m":11275,"s":1599.07},"ThickAvg":{"m":2.85578,"s":0.16623},"ThickStd":{"m":0.665519,"s":0.055804},"MeanCurv":{"m":0.146323,"s":0.00998964},"GausCurv":{"m":0.0679451,"s":0.0890349},"FoldInd":{"m":118.548,"s":180.868},"CurvInd":{"m":11.2705,"s":3.67444}},
"rostralmiddlefrontal":{"NumVert":{"m":8500,"s":1215.05},"SurfArea":{"m":5900.21,"s":814.059},"GrayVol":{"m":16970.3,"s":2441.57},"ThickAvg":{"m":2.41719,"s":0.160933},"ThickStd":{"m":0.687076,"s":0.0732745},"MeanCurv":{"m":0.158074,"s":0.00961208},"GausCurv":{"m":0.0721258,"s":0.03574},"FoldInd":{"m":198.428,"s":151.026},"CurvInd":{"m":21.7199,"s":5.38555}},
"transversetemporal":{"NumVert":{"m":733.758,"s":128.999},"SurfArea":{"m":468.371,"s":81.0845},"GrayVol":{"m":1299.64,"s":256.174},"ThickAvg":{"m":2.5383,"s":0.220292},"ThickStd":{"m":0.444973,"s":0.0817254},"MeanCurv":{"m":0.134944,"s":0.0149269},"GausCurv":{"m":0.0520388,"s":0.0521753},"FoldInd":{"m":12.5957,"s":30.3521},"CurvInd":{"m":1.39759,"s":0.824}},
"bankssts":{"NumVert":{"m":1555.92,"s":257.707},"SurfArea":{"m":1084.73,"s":176.096},"GrayVol":{"m":2839.46,